wisski_user	wisski_item	at
0	864	0
0	866	1
0	868	2
0	869	3
0	874	4
0	875	5
0	876	6
0	877	7
0	878	8
0	879	9
0	880	10
0	881	11
0	882	12
0	883	13
0	884	14
0	885	15
0	886	16
0	887	17
0	888	18
0	889	19
0	890	20
0	891	21
0	892	22
0	893	23
0	894	24
0	895	25
0	896	26
0	897	27
0	898	28
0	899	29
0	900	30
0	901	31
0	902	32
0	903	33
0	904	34
0	905	35
0	906	36
0	907	37
0	908	38
0	909	39
0	910	40
0	911	41
0	912	42
0	913	43
0	914	44
0	915	45
0	916	46
0	917	47
0	918	48
0	919	49
0	920	50
0	921	51
0	922	52
0	923	53
0	924	54
0	925	55
0	926	56
0	927	57
0	928	58
0	929	59
0	930	60
0	931	61
0	932	62
0	933	63
0	934	64
0	935	65
0	936	66
0	937	67
0	938	68
0	939	69
0	940	70
0	941	71
0	942	72
0	943	73
0	944	74
0	945	75
0	946	76
0	947	77
0	948	78
0	949	79
0	950	80
0	951	81
0	952	82
0	953	83
0	954	84
0	955	85
0	956	86
0	957	87
0	958	88
0	959	89
0	960	90
0	961	91
0	962	92
0	963	93
0	964	94
0	965	95
0	966	96
0	967	97
0	968	98
0	969	99
0	970	100
0	971	101
0	972	102
0	973	103
0	974	104
0	975	105
0	976	106
0	977	107
0	978	108
0	979	109
0	980	110
0	981	111
0	982	112
0	983	113
0	984	114
0	985	115
0	986	116
0	987	117
0	988	118
0	989	119
0	990	120
0	991	121
0	992	122
0	993	123
0	994	124
0	995	125
0	996	126
0	997	127
0	998	128
0	999	129
0	1000	130
0	1001	131
0	1002	132
0	1003	133
0	1004	134
0	1005	135
0	1006	136
0	1007	137
0	1008	138
0	1009	139
0	1010	140
0	1011	141
0	1012	142
0	1013	143
0	1014	144
0	1015	145
0	1016	146
0	1017	147
0	1018	148
0	1019	149
0	1020	150
0	1021	151
0	1022	152
0	1023	153
0	1024	154
0	1025	155
0	1026	156
0	1027	157
0	1028	158
0	1029	159
0	1030	160
0	1031	161
0	1032	162
0	1033	163
0	1034	164
0	1035	165
0	1036	166
0	1037	167
0	1038	168
0	1039	169
0	1040	170
0	1041	171
0	1042	172
0	1043	173
0	1044	174
0	1045	175
0	1046	176
0	1047	177
0	1048	178
0	1049	179
0	1050	180
0	1051	181
0	1052	182
0	1053	183
0	1054	184
0	1055	185
0	1056	186
0	1057	187
0	1058	188
0	1059	189
0	1060	190
0	1061	191
0	1062	192
0	1063	193
0	1064	194
0	1065	195
0	1066	196
0	1067	197
0	1068	198
0	1069	199
0	1070	200
0	1071	201
0	1072	202
0	1073	203
0	1074	204
0	1075	205
0	1076	206
0	1077	207
0	1078	208
0	1079	209
0	1080	210
0	1081	211
0	1082	212
0	1083	213
0	1084	214
0	1085	215
0	1086	216
0	1087	217
0	1088	218
0	1089	219
0	1090	220
0	1091	221
0	1092	222
0	1093	223
0	1094	224
0	1095	225
0	1096	226
0	1097	227
0	1098	228
0	1099	229
0	1100	230
0	1101	231
0	1102	232
0	1103	233
0	1104	234
0	1105	235
0	1106	236
0	1107	237
0	1108	238
0	1109	239
0	1110	240
0	1111	241
0	1112	242
0	1113	243
0	1114	244
0	1115	245
0	1116	246
0	1117	247
0	1118	248
0	1119	249
0	1120	250
0	1121	251
0	1122	252
0	1123	253
0	1124	254
0	1125	255
0	1126	256
0	1127	257
0	1128	258
0	1129	259
0	1130	260
0	1131	261
0	1132	262
0	1133	263
0	1134	264
0	1135	265
0	1136	266
0	1137	267
0	1138	268
0	1139	269
0	1140	270
0	1141	271
0	1142	272
0	1143	273
0	1144	274
0	1145	275
0	1146	276
0	1147	277
0	1148	278
0	1149	279
0	1150	280
0	1151	281
0	1152	282
0	1153	283
0	1154	284
0	1155	285
0	1156	286
0	1157	287
0	1158	288
0	1159	289
0	1160	290
0	1161	291
0	1162	292
0	1163	293
0	1164	294
0	1165	295
0	1166	296
0	1167	297
0	1168	298
0	1169	299
0	1170	300
0	1171	301
0	1173	302
0	1174	303
0	1175	304
0	1176	305
0	1177	306
0	1178	307
0	1179	308
0	1180	309
0	1181	310
0	1182	311
0	1183	312
0	1184	313
0	1185	314
0	1186	315
0	1187	316
0	1188	317
0	1189	318
0	1190	319
0	1191	320
0	1192	321
0	1193	322
0	1194	323
0	1195	324
0	1196	325
0	1197	326
0	1198	327
0	1199	328
0	1200	329
0	1201	330
0	1202	331
0	1203	332
0	1204	333
0	1205	334
0	1206	335
0	1207	336
0	1208	337
0	1209	338
0	1210	339
0	1211	340
0	1212	341
0	1213	342
0	1214	343
0	1215	344
0	1216	345
0	1217	346
0	1218	347
0	1219	348
0	1220	349
0	1221	350
0	1222	351
0	1223	352
0	1224	353
0	1225	354
0	1226	355
0	1227	356
0	1228	357
0	1229	358
0	1230	359
0	1231	360
0	1232	361
0	1233	362
0	1234	363
0	1235	364
0	1236	365
0	1237	366
0	1238	367
0	1239	368
0	1240	369
0	1241	370
0	1242	371
0	1243	372
0	1244	373
0	1245	374
0	1246	375
0	1247	376
0	1248	377
0	1249	378
0	1250	379
0	1251	380
0	1252	381
0	1253	382
0	1254	383
0	1255	384
0	1256	385
0	1257	386
0	1258	387
0	1259	388
0	1260	389
0	1261	390
0	1262	391
0	1263	392
0	1264	393
0	1265	394
0	1266	395
0	1267	396
0	1268	397
0	1269	398
0	1270	399
0	1271	400
0	1272	401
0	1273	402
0	1274	403
0	1275	404
0	1276	405
0	1277	406
0	1278	407
0	1279	408
0	1280	409
0	1281	410
0	1282	411
0	1283	412
0	1284	413
0	1285	414
0	1286	415
0	1287	416
0	1288	417
0	1289	418
0	1290	419
0	1291	420
0	1292	421
0	1293	422
0	1294	423
0	1295	424
0	1296	425
0	1297	426
0	1298	427
0	1299	428
0	1300	429
0	1301	430
0	1302	431
0	1303	432
0	1304	433
0	1305	434
0	1306	435
0	1307	436
0	1308	437
0	1309	438
0	1310	439
0	1311	440
0	1312	441
0	1313	442
0	1314	443
0	1315	444
0	1316	445
0	1317	446
0	1318	447
0	1319	448
0	1320	449
0	1321	450
0	1322	451
0	1323	452
0	1324	453
0	1325	454
0	1326	455
0	1327	456
0	1328	457
0	1329	458
0	1330	459
0	1331	460
0	1332	461
0	1333	462
0	1334	463
0	1335	464
0	1336	465
0	1337	466
0	1338	467
0	1339	468
0	1340	469
0	1341	470
0	1342	471
0	1343	472
0	1344	473
0	1345	474
0	1346	475
0	1347	476
0	1348	477
0	1349	478
0	1350	479
0	1351	480
0	1352	481
0	1353	482
0	1354	483
0	1355	484
0	1356	485
0	1357	486
0	1358	487
0	1359	488
0	1360	489
0	1361	490
0	1362	491
0	1363	492
0	1364	493
0	1365	494
0	1366	495
0	1367	496
0	1368	497
0	1369	498
0	1370	499
0	1371	500
0	1372	501
0	1373	502
0	1374	503
0	1375	504
0	1376	505
0	1377	506
0	1378	507
0	1379	508
0	1380	509
0	1381	510
0	1382	511
0	1383	512
0	1384	513
0	1387	514
0	1388	515
0	1392	516
0	1398	517
0	1410	518
0	1411	519
0	1412	520
0	1414	521
0	1415	522
0	1416	523
0	1417	524
0	1419	525
0	1420	526
0	1421	527
0	1422	528
0	1423	529
0	1424	530
0	1425	531
0	1426	532
1	864	0
1	866	1
1	868	2
1	869	3
1	874	4
1	875	5
1	876	6
1	877	7
1	878	8
1	879	9
1	880	10
1	881	11
1	882	12
1	883	13
1	884	14
1	885	15
1	886	16
1	887	17
1	888	18
1	889	19
1	890	20
1	891	21
1	892	22
1	893	23
1	894	24
1	895	25
1	896	26
1	897	27
1	898	28
1	899	29
1	900	30
1	901	31
1	902	32
1	903	33
1	904	34
1	905	35
1	906	36
1	907	37
1	908	38
1	909	39
1	910	40
1	911	41
1	912	42
1	913	43
1	914	44
1	915	45
1	916	46
1	917	47
1	918	48
1	919	49
1	920	50
1	921	51
1	922	52
1	923	53
1	924	54
1	925	55
1	926	56
1	927	57
1	928	58
1	929	59
1	930	60
1	931	61
1	932	62
1	933	63
1	934	64
1	935	65
1	936	66
1	937	67
1	938	68
1	939	69
1	940	70
1	941	71
1	942	72
1	943	73
1	944	74
1	945	75
1	946	76
1	947	77
1	948	78
1	949	79
1	950	80
1	951	81
1	952	82
1	953	83
1	954	84
1	955	85
1	956	86
1	957	87
1	958	88
1	959	89
1	960	90
1	961	91
1	962	92
1	963	93
1	964	94
1	965	95
1	966	96
1	967	97
1	968	98
1	969	99
1	970	100
1	971	101
1	972	102
1	973	103
1	974	104
1	975	105
1	976	106
1	977	107
1	978	108
1	979	109
1	980	110
1	981	111
1	982	112
1	983	113
1	984	114
1	985	115
1	986	116
1	987	117
1	988	118
1	989	119
1	990	120
1	991	121
1	992	122
1	993	123
1	994	124
1	995	125
1	996	126
1	997	127
1	998	128
1	999	129
1	1000	130
1	1001	131
1	1002	132
1	1003	133
1	1004	134
1	1005	135
1	1006	136
1	1007	137
1	1008	138
1	1009	139
1	1010	140
1	1011	141
1	1012	142
1	1013	143
1	1014	144
1	1015	145
1	1016	146
1	1017	147
1	1018	148
1	1019	149
1	1020	150
1	1021	151
1	1022	152
1	1023	153
1	1024	154
1	1025	155
1	1026	156
1	1027	157
1	1028	158
1	1029	159
1	1030	160
1	1031	161
1	1032	162
1	1033	163
1	1034	164
1	1035	165
1	1036	166
1	1037	167
1	1038	168
1	1039	169
1	1040	170
1	1041	171
1	1042	172
1	1043	173
1	1044	174
1	1045	175
1	1046	176
1	1047	177
1	1048	178
1	1049	179
1	1050	180
1	1051	181
1	1052	182
1	1053	183
1	1054	184
1	1055	185
1	1056	186
1	1057	187
1	1058	188
1	1059	189
1	1060	190
1	1061	191
1	1062	192
1	1063	193
1	1064	194
1	1065	195
1	1066	196
1	1067	197
1	1068	198
1	1069	199
1	1070	200
1	1071	201
1	1072	202
1	1073	203
1	1074	204
1	1075	205
1	1076	206
1	1077	207
1	1078	208
1	1079	209
1	1080	210
1	1081	211
1	1082	212
1	1083	213
1	1084	214
1	1085	215
1	1086	216
1	1087	217
1	1088	218
1	1089	219
1	1090	220
1	1091	221
1	1092	222
1	1093	223
1	1094	224
1	1095	225
1	1096	226
1	1097	227
1	1098	228
1	1099	229
1	1100	230
1	1101	231
1	1102	232
1	1103	233
1	1104	234
1	1105	235
1	1106	236
1	1107	237
1	1108	238
1	1109	239
1	1110	240
1	1111	241
1	1112	242
1	1113	243
1	1114	244
1	1115	245
1	1116	246
1	1117	247
1	1118	248
1	1119	249
1	1120	250
1	1121	251
1	1122	252
1	1123	253
1	1124	254
1	1125	255
1	1126	256
1	1127	257
1	1128	258
1	1129	259
1	1130	260
1	1131	261
1	1132	262
1	1133	263
1	1134	264
1	1135	265
1	1136	266
1	1137	267
1	1138	268
1	1139	269
1	1140	270
1	1141	271
1	1142	272
1	1143	273
1	1144	274
1	1145	275
1	1146	276
1	1147	277
1	1148	278
1	1149	279
1	1150	280
1	1151	281
1	1152	282
1	1153	283
1	1154	284
1	1155	285
1	1156	286
1	1157	287
1	1158	288
1	1159	289
1	1160	290
1	1161	291
1	1162	292
1	1163	293
1	1164	294
1	1165	295
1	1166	296
1	1167	297
1	1168	298
1	1169	299
1	1170	300
1	1171	301
1	1172	302
1	1173	303
1	1174	304
1	1176	305
1	1177	306
1	1178	307
1	1179	308
1	1180	309
1	1181	310
1	1182	311
1	1183	312
1	1184	313
1	1185	314
1	1186	315
1	1187	316
1	1188	317
1	1189	318
1	1190	319
1	1191	320
1	1192	321
1	1193	322
1	1194	323
1	1195	324
1	1196	325
1	1197	326
1	1198	327
1	1199	328
1	1200	329
1	1201	330
1	1202	331
1	1203	332
1	1204	333
1	1205	334
1	1206	335
1	1207	336
1	1208	337
1	1209	338
1	1210	339
1	1211	340
1	1212	341
1	1213	342
1	1214	343
1	1215	344
1	1216	345
1	1217	346
1	1218	347
1	1219	348
1	1220	349
1	1221	350
1	1222	351
1	1223	352
1	1224	353
1	1225	354
1	1226	355
1	1227	356
1	1228	357
1	1229	358
1	1230	359
1	1231	360
1	1232	361
1	1233	362
1	1234	363
1	1235	364
1	1236	365
1	1237	366
1	1238	367
1	1239	368
1	1240	369
1	1241	370
1	1242	371
1	1243	372
1	1244	373
1	1245	374
1	1246	375
1	1247	376
1	1248	377
1	1249	378
1	1250	379
1	1251	380
1	1252	381
1	1253	382
1	1254	383
1	1255	384
1	1256	385
1	1257	386
1	1258	387
1	1259	388
1	1260	389
1	1261	390
1	1262	391
1	1263	392
1	1264	393
1	1265	394
1	1266	395
1	1267	396
1	1268	397
1	1269	398
1	1270	399
1	1271	400
1	1272	401
1	1273	402
1	1274	403
1	1275	404
1	1276	405
1	1277	406
1	1278	407
1	1279	408
1	1280	409
1	1281	410
1	1282	411
1	1283	412
1	1284	413
1	1285	414
1	1286	415
1	1287	416
1	1288	417
1	1289	418
1	1290	419
1	1291	420
1	1292	421
1	1293	422
1	1294	423
1	1295	424
1	1296	425
1	1297	426
1	1298	427
1	1299	428
1	1300	429
1	1301	430
1	1302	431
1	1303	432
1	1304	433
1	1305	434
1	1306	435
1	1307	436
1	1308	437
1	1309	438
1	1310	439
1	1311	440
1	1312	441
1	1313	442
1	1314	443
1	1315	444
1	1316	445
1	1317	446
1	1318	447
1	1319	448
1	1320	449
1	1321	450
1	1322	451
1	1323	452
1	1324	453
1	1325	454
1	1326	455
1	1327	456
1	1328	457
1	1329	458
1	1330	459
1	1331	460
1	1332	461
1	1333	462
1	1334	463
1	1335	464
1	1336	465
1	1337	466
1	1338	467
1	1339	468
1	1340	469
1	1341	470
1	1342	471
1	1343	472
1	1344	473
1	1345	474
1	1346	475
1	1347	476
1	1348	477
1	1349	478
1	1350	479
1	1351	480
1	1352	481
1	1353	482
1	1354	483
1	1355	484
1	1356	485
1	1357	486
1	1358	487
1	1359	488
1	1360	489
1	1361	490
1	1362	491
1	1363	492
1	1364	493
1	1365	494
1	1366	495
1	1367	496
1	1368	497
1	1369	498
1	1370	499
1	1371	500
1	1372	501
1	1373	502
1	1374	503
1	1375	504
1	1376	505
1	1377	506
1	1378	507
1	1379	508
1	1380	509
1	1381	510
1	1382	511
1	1383	512
1	1384	513
1	1387	514
1	1388	515
1	1392	516
1	1398	517
1	1410	518
1	1411	519
1	1412	520
1	1414	521
1	1415	522
1	1416	523
1	1417	524
1	1419	525
1	1420	526
1	1421	527
1	1422	528
1	1423	529
1	1424	530
1	1425	531
1	1426	532
2	864	0
2	865	1
2	866	2
2	868	3
2	869	4
2	870	5
2	872	6
2	874	7
2	875	8
2	876	9
2	877	10
2	878	11
2	879	12
2	880	13
2	881	14
2	882	15
2	883	16
2	884	17
2	885	18
2	886	19
2	887	20
2	888	21
2	889	22
2	890	23
2	891	24
2	892	25
2	893	26
2	894	27
2	895	28
2	896	29
2	897	30
2	898	31
2	899	32
2	900	33
2	901	34
2	902	35
2	903	36
2	904	37
2	905	38
2	906	39
2	907	40
2	908	41
2	909	42
2	910	43
2	911	44
2	912	45
2	913	46
2	914	47
2	915	48
2	916	49
2	917	50
2	918	51
2	919	52
2	920	53
2	921	54
2	922	55
2	923	56
2	924	57
2	925	58
2	926	59
2	927	60
2	928	61
2	929	62
2	930	63
2	931	64
2	932	65
2	933	66
2	934	67
2	935	68
2	936	69
2	937	70
2	938	71
2	939	72
2	940	73
2	941	74
2	942	75
2	943	76
2	944	77
2	945	78
2	946	79
2	947	80
2	948	81
2	949	82
2	950	83
2	951	84
2	952	85
2	953	86
2	954	87
2	955	88
2	956	89
2	957	90
2	958	91
2	959	92
2	960	93
2	961	94
2	962	95
2	963	96
2	964	97
2	965	98
2	966	99
2	967	100
2	968	101
2	969	102
2	970	103
2	971	104
2	972	105
2	973	106
2	974	107
2	975	108
2	976	109
2	977	110
2	978	111
2	979	112
2	980	113
2	981	114
2	982	115
2	983	116
2	984	117
2	985	118
2	986	119
2	987	120
2	988	121
2	989	122
2	990	123
2	991	124
2	992	125
2	993	126
2	994	127
2	995	128
2	996	129
2	997	130
2	998	131
2	999	132
2	1000	133
2	1001	134
2	1002	135
2	1003	136
2	1004	137
2	1005	138
2	1006	139
2	1007	140
2	1008	141
2	1009	142
2	1010	143
2	1011	144
2	1012	145
2	1013	146
2	1014	147
2	1015	148
2	1016	149
2	1017	150
2	1018	151
2	1019	152
2	1020	153
2	1021	154
2	1022	155
2	1023	156
2	1024	157
2	1025	158
2	1026	159
2	1027	160
2	1028	161
2	1029	162
2	1030	163
2	1031	164
2	1032	165
2	1033	166
2	1034	167
2	1035	168
2	1036	169
2	1037	170
2	1038	171
2	1039	172
2	1040	173
2	1041	174
2	1042	175
2	1043	176
2	1044	177
2	1045	178
2	1046	179
2	1047	180
2	1048	181
2	1049	182
2	1050	183
2	1051	184
2	1052	185
2	1053	186
2	1054	187
2	1055	188
2	1056	189
2	1057	190
2	1058	191
2	1059	192
2	1060	193
2	1061	194
2	1062	195
2	1063	196
2	1064	197
2	1065	198
2	1066	199
2	1067	200
2	1068	201
2	1069	202
2	1070	203
2	1071	204
2	1072	205
2	1073	206
2	1074	207
2	1075	208
2	1076	209
2	1077	210
2	1078	211
2	1079	212
2	1080	213
2	1081	214
2	1082	215
2	1083	216
2	1084	217
2	1085	218
2	1086	219
2	1087	220
2	1088	221
2	1089	222
2	1090	223
2	1091	224
2	1092	225
2	1093	226
2	1094	227
2	1095	228
2	1096	229
2	1097	230
2	1098	231
2	1099	232
2	1100	233
2	1101	234
2	1102	235
2	1103	236
2	1104	237
2	1105	238
2	1106	239
2	1107	240
2	1108	241
2	1109	242
2	1110	243
2	1111	244
2	1112	245
2	1113	246
2	1114	247
2	1115	248
2	1116	249
2	1117	250
2	1118	251
2	1119	252
2	1120	253
2	1121	254
2	1122	255
2	1123	256
2	1124	257
2	1125	258
2	1126	259
2	1127	260
2	1128	261
2	1129	262
2	1130	263
2	1131	264
2	1132	265
2	1133	266
2	1134	267
2	1135	268
2	1136	269
2	1137	270
2	1138	271
2	1139	272
2	1140	273
2	1141	274
2	1142	275
2	1143	276
2	1144	277
2	1145	278
2	1146	279
2	1147	280
2	1148	281
2	1149	282
2	1150	283
2	1151	284
2	1152	285
2	1153	286
2	1154	287
2	1155	288
2	1156	289
2	1157	290
2	1158	291
2	1159	292
2	1160	293
2	1161	294
2	1162	295
2	1163	296
2	1164	297
2	1165	298
2	1166	299
2	1167	300
2	1168	301
2	1169	302
2	1170	303
2	1171	304
2	1172	305
2	1173	306
2	1174	307
2	1175	308
2	1176	309
2	1177	310
2	1178	311
2	1179	312
2	1180	313
2	1181	314
2	1182	315
2	1183	316
2	1184	317
2	1185	318
2	1186	319
2	1187	320
2	1188	321
2	1189	322
2	1190	323
2	1191	324
2	1192	325
2	1193	326
2	1194	327
2	1195	328
2	1196	329
2	1197	330
2	1198	331
2	1199	332
2	1200	333
2	1201	334
2	1202	335
2	1203	336
2	1204	337
2	1205	338
2	1206	339
2	1207	340
2	1208	341
2	1209	342
2	1210	343
2	1211	344
2	1212	345
2	1213	346
2	1214	347
2	1215	348
2	1216	349
2	1217	350
2	1218	351
2	1219	352
2	1220	353
2	1221	354
2	1222	355
2	1223	356
2	1224	357
2	1225	358
2	1226	359
2	1227	360
2	1228	361
2	1229	362
2	1230	363
2	1232	364
2	1233	365
2	1234	366
2	1235	367
2	1236	368
2	1237	369
2	1238	370
2	1239	371
2	1240	372
2	1241	373
2	1242	374
2	1243	375
2	1244	376
2	1245	377
2	1246	378
2	1247	379
2	1248	380
2	1249	381
2	1250	382
2	1251	383
2	1252	384
2	1253	385
2	1254	386
2	1255	387
2	1256	388
2	1257	389
2	1258	390
2	1259	391
2	1260	392
2	1261	393
2	1262	394
2	1263	395
2	1264	396
2	1265	397
2	1266	398
2	1267	399
2	1268	400
2	1269	401
2	1270	402
2	1271	403
2	1272	404
2	1273	405
2	1274	406
2	1275	407
2	1276	408
2	1277	409
2	1278	410
2	1279	411
2	1280	412
2	1281	413
2	1282	414
2	1283	415
2	1284	416
2	1285	417
2	1286	418
2	1287	419
2	1288	420
2	1289	421
2	1290	422
2	1291	423
2	1292	424
2	1293	425
2	1294	426
2	1295	427
2	1296	428
2	1297	429
2	1298	430
2	1299	431
2	1300	432
2	1301	433
2	1302	434
2	1303	435
2	1304	436
2	1305	437
2	1306	438
2	1307	439
2	1308	440
2	1309	441
2	1310	442
2	1311	443
2	1312	444
2	1313	445
2	1314	446
2	1315	447
2	1316	448
2	1317	449
2	1318	450
2	1319	451
2	1320	452
2	1321	453
2	1322	454
2	1323	455
2	1324	456
2	1325	457
2	1326	458
2	1327	459
2	1328	460
2	1329	461
2	1330	462
2	1331	463
2	1332	464
2	1333	465
2	1334	466
2	1335	467
2	1336	468
2	1337	469
2	1338	470
2	1339	471
2	1340	472
2	1341	473
2	1342	474
2	1343	475
2	1344	476
2	1345	477
2	1346	478
2	1347	479
2	1348	480
2	1349	481
2	1350	482
2	1351	483
2	1352	484
2	1353	485
2	1354	486
2	1355	487
2	1356	488
2	1357	489
2	1358	490
2	1359	491
2	1360	492
2	1361	493
2	1362	494
2	1363	495
2	1364	496
2	1365	497
2	1366	498
2	1367	499
2	1368	500
2	1369	501
2	1370	502
2	1371	503
2	1372	504
2	1373	505
2	1374	506
2	1375	507
2	1376	508
2	1377	509
2	1378	510
2	1379	511
2	1380	512
2	1381	513
2	1382	514
2	1383	515
2	1384	516
2	1385	517
2	1387	518
2	1388	519
2	1390	520
2	1391	521
2	1392	522
2	1397	523
2	1398	524
2	1401	525
2	1404	526
2	1409	527
2	1410	528
2	1411	529
2	1412	530
2	1413	531
2	1414	532
2	1415	533
2	1416	534
2	1417	535
2	1418	536
2	1419	537
2	1420	538
2	1421	539
2	1422	540
2	1423	541
2	1424	542
2	1425	543
2	1426	544
3	865	0
3	867	1
3	868	2
3	871	3
3	872	4
3	874	5
3	875	6
3	876	7
3	877	8
3	878	9
3	879	10
3	880	11
3	881	12
3	882	13
3	883	14
3	884	15
3	885	16
3	886	17
3	887	18
3	889	19
3	890	20
3	891	21
3	892	22
3	893	23
3	894	24
3	895	25
3	896	26
3	897	27
3	898	28
3	899	29
3	900	30
3	901	31
3	902	32
3	903	33
3	904	34
3	905	35
3	906	36
3	907	37
3	908	38
3	909	39
3	910	40
3	911	41
3	912	42
3	913	43
3	914	44
3	915	45
3	916	46
3	917	47
3	918	48
3	919	49
3	920	50
3	921	51
3	922	52
3	923	53
3	924	54
3	925	55
3	926	56
3	927	57
3	928	58
3	929	59
3	930	60
3	931	61
3	932	62
3	933	63
3	934	64
3	935	65
3	936	66
3	937	67
3	938	68
3	939	69
3	940	70
3	941	71
3	942	72
3	943	73
3	944	74
3	945	75
3	946	76
3	947	77
3	948	78
3	949	79
3	950	80
3	951	81
3	952	82
3	953	83
3	954	84
3	955	85
3	956	86
3	957	87
3	958	88
3	959	89
3	960	90
3	961	91
3	962	92
3	963	93
3	964	94
3	965	95
3	966	96
3	967	97
3	968	98
3	969	99
3	970	100
3	971	101
3	972	102
3	973	103
3	974	104
3	975	105
3	976	106
3	977	107
3	978	108
3	979	109
3	980	110
3	981	111
3	982	112
3	983	113
3	984	114
3	985	115
3	986	116
3	987	117
3	988	118
3	989	119
3	990	120
3	991	121
3	992	122
3	993	123
3	994	124
3	995	125
3	996	126
3	997	127
3	998	128
3	999	129
3	1000	130
3	1001	131
3	1002	132
3	1003	133
3	1004	134
3	1005	135
3	1006	136
3	1007	137
3	1008	138
3	1009	139
3	1010	140
3	1011	141
3	1012	142
3	1013	143
3	1014	144
3	1015	145
3	1016	146
3	1017	147
3	1018	148
3	1019	149
3	1020	150
3	1021	151
3	1022	152
3	1023	153
3	1024	154
3	1025	155
3	1026	156
3	1027	157
3	1028	158
3	1029	159
3	1030	160
3	1031	161
3	1032	162
3	1033	163
3	1034	164
3	1035	165
3	1036	166
3	1037	167
3	1038	168
3	1039	169
3	1040	170
3	1041	171
3	1042	172
3	1043	173
3	1044	174
3	1045	175
3	1046	176
3	1047	177
3	1048	178
3	1049	179
3	1050	180
3	1051	181
3	1052	182
3	1053	183
3	1054	184
3	1055	185
3	1056	186
3	1057	187
3	1058	188
3	1059	189
3	1060	190
3	1061	191
3	1062	192
3	1063	193
3	1064	194
3	1065	195
3	1066	196
3	1067	197
3	1068	198
3	1069	199
3	1070	200
3	1071	201
3	1072	202
3	1073	203
3	1074	204
3	1075	205
3	1076	206
3	1077	207
3	1078	208
3	1079	209
3	1080	210
3	1081	211
3	1082	212
3	1083	213
3	1084	214
3	1085	215
3	1086	216
3	1087	217
3	1088	218
3	1089	219
3	1090	220
3	1091	221
3	1092	222
3	1093	223
3	1094	224
3	1095	225
3	1096	226
3	1097	227
3	1098	228
3	1099	229
3	1100	230
3	1101	231
3	1102	232
3	1103	233
3	1104	234
3	1105	235
3	1106	236
3	1107	237
3	1108	238
3	1109	239
3	1110	240
3	1111	241
3	1112	242
3	1113	243
3	1114	244
3	1115	245
3	1116	246
3	1117	247
3	1118	248
3	1119	249
3	1120	250
3	1121	251
3	1122	252
3	1123	253
3	1124	254
3	1125	255
3	1126	256
3	1127	257
3	1128	258
3	1129	259
3	1130	260
3	1131	261
3	1132	262
3	1133	263
3	1134	264
3	1135	265
3	1136	266
3	1137	267
3	1138	268
3	1139	269
3	1140	270
3	1141	271
3	1142	272
3	1143	273
3	1144	274
3	1145	275
3	1146	276
3	1147	277
3	1148	278
3	1149	279
3	1150	280
3	1151	281
3	1152	282
3	1153	283
3	1154	284
3	1155	285
3	1156	286
3	1157	287
3	1158	288
3	1159	289
3	1160	290
3	1161	291
3	1162	292
3	1163	293
3	1164	294
3	1165	295
3	1166	296
3	1167	297
3	1168	298
3	1169	299
3	1170	300
3	1171	301
3	1172	302
3	1173	303
3	1174	304
3	1175	305
3	1176	306
3	1177	307
3	1178	308
3	1179	309
3	1180	310
3	1181	311
3	1182	312
3	1183	313
3	1184	314
3	1185	315
3	1186	316
3	1187	317
3	1188	318
3	1189	319
3	1190	320
3	1191	321
3	1192	322
3	1193	323
3	1194	324
3	1195	325
3	1196	326
3	1197	327
3	1198	328
3	1199	329
3	1200	330
3	1201	331
3	1202	332
3	1203	333
3	1204	334
3	1205	335
3	1206	336
3	1207	337
3	1208	338
3	1209	339
3	1210	340
3	1211	341
3	1212	342
3	1213	343
3	1214	344
3	1215	345
3	1216	346
3	1217	347
3	1218	348
3	1219	349
3	1220	350
3	1221	351
3	1222	352
3	1223	353
3	1224	354
3	1225	355
3	1226	356
3	1227	357
3	1228	358
3	1229	359
3	1230	360
3	1231	361
3	1232	362
3	1233	363
3	1234	364
3	1235	365
3	1236	366
3	1237	367
3	1238	368
3	1239	369
3	1240	370
3	1241	371
3	1242	372
3	1243	373
3	1244	374
3	1245	375
3	1246	376
3	1247	377
3	1248	378
3	1249	379
3	1250	380
3	1251	381
3	1252	382
3	1253	383
3	1254	384
3	1255	385
3	1256	386
3	1257	387
3	1258	388
3	1259	389
3	1260	390
3	1261	391
3	1262	392
3	1263	393
3	1264	394
3	1265	395
3	1266	396
3	1267	397
3	1268	398
3	1269	399
3	1270	400
3	1271	401
3	1272	402
3	1273	403
3	1274	404
3	1275	405
3	1276	406
3	1277	407
3	1278	408
3	1279	409
3	1280	410
3	1281	411
3	1282	412
3	1283	413
3	1284	414
3	1285	415
3	1286	416
3	1287	417
3	1288	418
3	1289	419
3	1290	420
3	1291	421
3	1292	422
3	1293	423
3	1294	424
3	1295	425
3	1296	426
3	1297	427
3	1298	428
3	1299	429
3	1300	430
3	1301	431
3	1302	432
3	1303	433
3	1304	434
3	1305	435
3	1306	436
3	1307	437
3	1308	438
3	1309	439
3	1310	440
3	1311	441
3	1312	442
3	1313	443
3	1314	444
3	1315	445
3	1316	446
3	1317	447
3	1318	448
3	1319	449
3	1320	450
3	1321	451
3	1322	452
3	1323	453
3	1324	454
3	1325	455
3	1326	456
3	1327	457
3	1328	458
3	1329	459
3	1330	460
3	1331	461
3	1332	462
3	1333	463
3	1334	464
3	1335	465
3	1336	466
3	1337	467
3	1338	468
3	1339	469
3	1340	470
3	1341	471
3	1342	472
3	1343	473
3	1344	474
3	1345	475
3	1346	476
3	1347	477
3	1348	478
3	1349	479
3	1350	480
3	1351	481
3	1352	482
3	1353	483
3	1354	484
3	1355	485
3	1356	486
3	1357	487
3	1358	488
3	1359	489
3	1360	490
3	1361	491
3	1362	492
3	1363	493
3	1364	494
3	1365	495
3	1366	496
3	1367	497
3	1368	498
3	1369	499
3	1370	500
3	1371	501
3	1372	502
3	1373	503
3	1374	504
3	1375	505
3	1376	506
3	1377	507
3	1378	508
3	1379	509
3	1380	510
3	1381	511
3	1382	512
3	1383	513
3	1384	514
3	1386	515
3	1388	516
3	1390	517
3	1391	518
3	1392	519
3	1398	520
3	1401	521
3	1404	522
3	1405	523
3	1407	524
3	1409	525
3	1411	526
3	1419	527
3	1420	528
3	1421	529
3	1422	530
3	1423	531
3	1424	532
3	1425	533
3	1426	534
4	864	0
4	865	1
4	866	2
4	868	3
4	869	4
4	871	5
4	874	6
4	875	7
4	876	8
4	877	9
4	878	10
4	879	11
4	880	12
4	881	13
4	882	14
4	883	15
4	884	16
4	885	17
4	886	18
4	887	19
4	888	20
4	889	21
4	890	22
4	891	23
4	892	24
4	893	25
4	894	26
4	895	27
4	896	28
4	897	29
4	898	30
4	899	31
4	900	32
4	901	33
4	902	34
4	903	35
4	904	36
4	905	37
4	906	38
4	907	39
4	908	40
4	909	41
4	910	42
4	911	43
4	912	44
4	913	45
4	914	46
4	915	47
4	916	48
4	917	49
4	918	50
4	919	51
4	920	52
4	921	53
4	922	54
4	923	55
4	924	56
4	925	57
4	926	58
4	927	59
4	928	60
4	929	61
4	931	62
4	932	63
4	933	64
4	934	65
4	935	66
4	936	67
4	937	68
4	938	69
4	939	70
4	940	71
4	941	72
4	942	73
4	943	74
4	944	75
4	945	76
4	946	77
4	947	78
4	948	79
4	949	80
4	950	81
4	951	82
4	952	83
4	953	84
4	954	85
4	955	86
4	956	87
4	957	88
4	958	89
4	959	90
4	960	91
4	961	92
4	962	93
4	963	94
4	964	95
4	965	96
4	966	97
4	967	98
4	968	99
4	969	100
4	970	101
4	971	102
4	972	103
4	973	104
4	974	105
4	975	106
4	976	107
4	977	108
4	978	109
4	979	110
4	980	111
4	981	112
4	982	113
4	983	114
4	984	115
4	985	116
4	986	117
4	987	118
4	988	119
4	989	120
4	990	121
4	991	122
4	992	123
4	993	124
4	994	125
4	995	126
4	996	127
4	997	128
4	998	129
4	999	130
4	1000	131
4	1001	132
4	1002	133
4	1003	134
4	1004	135
4	1005	136
4	1006	137
4	1007	138
4	1008	139
4	1009	140
4	1010	141
4	1011	142
4	1012	143
4	1013	144
4	1014	145
4	1015	146
4	1016	147
4	1017	148
4	1018	149
4	1019	150
4	1020	151
4	1021	152
4	1022	153
4	1023	154
4	1024	155
4	1025	156
4	1026	157
4	1027	158
4	1028	159
4	1029	160
4	1030	161
4	1031	162
4	1032	163
4	1033	164
4	1034	165
4	1035	166
4	1036	167
4	1037	168
4	1038	169
4	1039	170
4	1040	171
4	1041	172
4	1042	173
4	1043	174
4	1044	175
4	1045	176
4	1046	177
4	1047	178
4	1048	179
4	1049	180
4	1050	181
4	1051	182
4	1052	183
4	1053	184
4	1054	185
4	1055	186
4	1056	187
4	1057	188
4	1058	189
4	1059	190
4	1060	191
4	1061	192
4	1062	193
4	1063	194
4	1064	195
4	1065	196
4	1066	197
4	1067	198
4	1068	199
4	1069	200
4	1070	201
4	1071	202
4	1072	203
4	1073	204
4	1074	205
4	1075	206
4	1076	207
4	1077	208
4	1078	209
4	1079	210
4	1080	211
4	1081	212
4	1082	213
4	1083	214
4	1084	215
4	1085	216
4	1086	217
4	1087	218
4	1088	219
4	1089	220
4	1090	221
4	1091	222
4	1092	223
4	1093	224
4	1094	225
4	1095	226
4	1096	227
4	1097	228
4	1098	229
4	1099	230
4	1100	231
4	1101	232
4	1102	233
4	1103	234
4	1104	235
4	1105	236
4	1106	237
4	1107	238
4	1108	239
4	1109	240
4	1110	241
4	1111	242
4	1112	243
4	1113	244
4	1114	245
4	1115	246
4	1116	247
4	1117	248
4	1118	249
4	1119	250
4	1120	251
4	1121	252
4	1122	253
4	1123	254
4	1124	255
4	1125	256
4	1126	257
4	1127	258
4	1128	259
4	1129	260
4	1130	261
4	1131	262
4	1132	263
4	1133	264
4	1134	265
4	1135	266
4	1136	267
4	1137	268
4	1138	269
4	1139	270
4	1140	271
4	1141	272
4	1142	273
4	1143	274
4	1144	275
4	1145	276
4	1146	277
4	1147	278
4	1148	279
4	1149	280
4	1150	281
4	1151	282
4	1152	283
4	1153	284
4	1154	285
4	1155	286
4	1156	287
4	1157	288
4	1158	289
4	1159	290
4	1160	291
4	1161	292
4	1162	293
4	1163	294
4	1164	295
4	1165	296
4	1166	297
4	1167	298
4	1168	299
4	1169	300
4	1170	301
4	1171	302
4	1172	303
4	1173	304
4	1174	305
4	1175	306
4	1176	307
4	1177	308
4	1178	309
4	1179	310
4	1180	311
4	1181	312
4	1182	313
4	1183	314
4	1184	315
4	1185	316
4	1186	317
4	1187	318
4	1188	319
4	1189	320
4	1190	321
4	1191	322
4	1192	323
4	1193	324
4	1194	325
4	1195	326
4	1196	327
4	1197	328
4	1198	329
4	1199	330
4	1200	331
4	1201	332
4	1202	333
4	1203	334
4	1204	335
4	1205	336
4	1206	337
4	1207	338
4	1208	339
4	1209	340
4	1210	341
4	1211	342
4	1212	343
4	1213	344
4	1214	345
4	1215	346
4	1216	347
4	1217	348
4	1218	349
4	1219	350
4	1220	351
4	1221	352
4	1222	353
4	1223	354
4	1224	355
4	1225	356
4	1226	357
4	1227	358
4	1228	359
4	1229	360
4	1230	361
4	1231	362
4	1232	363
4	1233	364
4	1234	365
4	1235	366
4	1236	367
4	1237	368
4	1238	369
4	1239	370
4	1240	371
4	1241	372
4	1242	373
4	1243	374
4	1244	375
4	1245	376
4	1246	377
4	1247	378
4	1248	379
4	1249	380
4	1250	381
4	1251	382
4	1252	383
4	1253	384
4	1254	385
4	1255	386
4	1256	387
4	1257	388
4	1258	389
4	1259	390
4	1260	391
4	1261	392
4	1262	393
4	1263	394
4	1264	395
4	1265	396
4	1266	397
4	1267	398
4	1268	399
4	1269	400
4	1270	401
4	1271	402
4	1272	403
4	1273	404
4	1274	405
4	1275	406
4	1276	407
4	1277	408
4	1278	409
4	1279	410
4	1280	411
4	1281	412
4	1282	413
4	1283	414
4	1284	415
4	1285	416
4	1286	417
4	1287	418
4	1288	419
4	1289	420
4	1290	421
4	1291	422
4	1292	423
4	1293	424
4	1294	425
4	1295	426
4	1296	427
4	1297	428
4	1298	429
4	1299	430
4	1300	431
4	1301	432
4	1302	433
4	1303	434
4	1304	435
4	1305	436
4	1306	437
4	1307	438
4	1308	439
4	1309	440
4	1310	441
4	1311	442
4	1312	443
4	1313	444
4	1314	445
4	1315	446
4	1316	447
4	1317	448
4	1318	449
4	1319	450
4	1320	451
4	1321	452
4	1322	453
4	1323	454
4	1324	455
4	1325	456
4	1326	457
4	1327	458
4	1328	459
4	1329	460
4	1330	461
4	1331	462
4	1332	463
4	1333	464
4	1334	465
4	1335	466
4	1336	467
4	1337	468
4	1338	469
4	1339	470
4	1340	471
4	1341	472
4	1342	473
4	1343	474
4	1344	475
4	1345	476
4	1346	477
4	1347	478
4	1348	479
4	1349	480
4	1350	481
4	1351	482
4	1352	483
4	1353	484
4	1354	485
4	1355	486
4	1356	487
4	1357	488
4	1358	489
4	1359	490
4	1360	491
4	1361	492
4	1362	493
4	1363	494
4	1364	495
4	1365	496
4	1366	497
4	1367	498
4	1368	499
4	1369	500
4	1370	501
4	1371	502
4	1372	503
4	1373	504
4	1374	505
4	1375	506
4	1376	507
4	1377	508
4	1378	509
4	1379	510
4	1380	511
4	1381	512
4	1382	513
4	1383	514
4	1384	515
4	1387	516
4	1388	517
4	1390	518
4	1391	519
4	1395	520
4	1397	521
4	1398	522
4	1401	523
4	1404	524
4	1405	525
4	1406	526
4	1407	527
4	1408	528
4	1409	529
4	1410	530
4	1411	531
4	1412	532
4	1413	533
4	1414	534
4	1415	535
4	1416	536
4	1417	537
4	1418	538
4	1419	539
4	1420	540
4	1421	541
4	1422	542
4	1423	543
4	1424	544
4	1425	545
4	1426	546
5	931	0
5	1051	1
5	1068	2
5	1016	3
5	873	4
5	1197	5
5	944	6
5	1295	7
5	1142	8
5	1135	9
5	1373	10
5	893	11
5	1012	12
5	1034	13
5	1416	14
5	1330	15
5	1102	16
5	1223	17
5	1400	18
5	1049	19
6	963	0
6	1200	1
6	1371	2
6	1408	3
6	1152	4
6	1129	5
6	936	6
6	979	7
6	1331	8
6	1209	9
6	988	10
6	1021	11
6	1009	12
6	1022	13
6	914	14
6	932	15
6	969	16
6	1026	17
6	1302	18
6	912	19
7	1408	0
7	1374	1
7	1235	2
7	1124	3
7	1053	4
7	1321	5
7	914	6
7	893	7
7	1174	8
7	1001	9
7	975	10
7	954	11
7	980	12
7	865	13
7	1147	14
7	983	15
7	1249	16
7	1370	17
7	1102	18
7	1307	19
8	1380	0
8	1088	1
8	1186	2
8	1211	3
8	1284	4
8	998	5
8	918	6
8	1077	7
8	1147	8
8	1408	9
8	1034	10
8	1391	11
8	1311	12
8	1056	13
8	1296	14
8	1134	15
8	1002	16
8	1262	17
8	1122	18
8	973	19
9	1150	0
9	965	1
9	981	2
9	964	3
9	1154	4
9	1201	5
9	1279	6
9	1207	7
9	1151	8
9	966	9
9	1025	10
9	920	11
9	1410	12
9	1011	13
9	1112	14
9	1186	15
9	1239	16
9	1105	17
9	1159	18
9	1054	19
